{
   "configuration": {},
   "explicit": {
      "m1": 0.517,
      "J1": 58000
   },
   "forcing": {
      "C1": 0.008469,
      "C2": 0.0005346,
      "p0": 0,
      "pt": 1.15,
      "R_t": 610,
      "R_w": 180,
      "zeta": 0.15,
      "mu0": 0.6,
      "mumax": 0.85,
      "a1": 18
   }
}
