{
    "configuraion": {},
    "explicit": {
        "m1": 0.13,
        "J1": 800.0
    },
    "forcing": {
        "C1": 0.00959,
        "C2": 0.0009285,
        "p0": 0.0,
        "pt": 1.05,
        "R_t": 375.0,
        "R_w": 115.0,
        "zeta": 0.10
    }
}